{
	"pages": [{
			"path": "pages/index/index",
			"style": {
				"app-plus": {
					// 导航栏配置
					"animationType": "slide-in-top",
					"titleNView": false
				}
			}
		},
		{
			"path": "pages/home/home",
			"style": {
				"navigationBarTitleText": "",
				"enablePullDownRefresh": false
			}
		},
		{
			"path": "pages/explore/explore",
			"style": {
				"navigationBarTitleText": "",
				"enablePullDownRefresh": false,
				"app-plus": {
					"titleNView": false
				}
			}
		},
		{
			"path": "pages/map/map",
			"style": {
				"navigationBarTitleText": "",
				"enablePullDownRefresh": false
			}
		},
		{
			"path": "pages/friends/friends",
			"style": {
				"navigationBarTitleText": "我的伙伴~",
				// "enablePullDownRefresh": true,
				"app-plus": {
					// "titleNView": {
					// 	"buttons": [{
					// 		"color": "#333333",
					// 		"disable": true,
					// 		"colorPressed": "#d69808",
					// 		"float": "left",
					// 		"fontSize": "20px",
					// 		"fontSrc": "/static/iconfont.ttf",
					// 		"text": "\ue60e"
					// 	}, {
					// 		"color": "#333333",
					// 		"disable": true,
					// 		"colorPressed": "#d69808",
					// 		"float": "right",
					// 		"fontSize": "20px",
					// 		"fontSrc": "/static/iconfont.ttf",
					// 		"text": "\ue6bb"
					// 	}]
					// }
				}
			}
		},
		{
			"path": "pages/mine/mine",
			"style": {
				"navigationBarTitleText": "CityWalker",
				"app-plus": {
					"titleNView": {
						"buttons": [{
							"type": "menu"
						}]
					}
				}
			}
		},
		{
			"path": "pages/search/search",
			"style": {
				"app-plus": {
					"animationType": "slide-in-top",
					"titleNView": {
						// "searchInput": {
						// 	"align": "center",
						// 	"backgroundColor": "#d9d8d8",
						// 	"borderRadius": "6px",
						// 	"placeholder": "搜索帖子",
						// 	"placeholderColor": "#a7a690"
						// },
						// "buttons": [{
						// 	"color": "#333333",
						// 	"colorPressed": "#d69808",
						// 	"float": "right",
						// 	"fontSize": "16px",
						// 	"text": "搜索"
						// }]
					}
				}
			}
			// "onNavigationBarSearchInputChanged": "onNavigationBarSearchInputChanged"
		},

		{
			"path": "pages/add-input/add-input",
			"style": {
				"app-plus": {
					"titleNView": false
				}
			}
		},

		{
			"path": "pages/topic-nav/topic-nav",
			"style": {
				"navigationBarTitleText": "发现新道路~"
			}
		},
		{
			"path": "pages/topic-detail/topic-detail",
			"style": {

				"app-plus": {}
			}
		},
		{
			"path": "pages/user-list/user-list",
			"style": {
				"navigationBarTitleText": "Hi~ CityWalker~"
			}
		},
		{
			"path": "pages/user-chat/user-chat",
			"style": {
				"app-plus": {
					"bounce": "none",
					"titleNView": {
						"buttons": [{
							"color": "#333333",
							"colorPressed": "#d69808",
							"float": "right",
							"fontSize": "20px",
							"fontSrc": "/static/iconfont.ttf",
							"text": "\ue6c2"
						}]
					}
				}
			}
		},
		{
			"path": "pages/detail/detail",
			"style": {
				"navigationBarTitleText": " ",
				"enablePullDownRefresh": false,
				"navigationBarRightButtonText": "删除"
			}
		},
		{
			"path": "pages/user-set/user-set",
			"style": {
				"navigationBarTitleText": " ",
				"enablePullDownRefresh": false
			}

		},
		{
			"path": "pages/user-password/user-password",
			"style": {
				"navigationBarTitleText": " ",
				"enablePullDownRefresh": false
			}
		},
		{
			"path": "pages/user-userinfo/user-userinfo",
			"style": {

				"app-plus": {
					"titleNView": false
				}
			}
		},
		{
			"path": "pages/login/login",
			"style": {
				"navigationBarTitleText": "",
				"enablePullDownRefresh": false
			}
		},
		{
			"path": "pages/user-space/user-space",
			"style": {
				"navigationBarTitleText": "",
				"enablePullDownRefresh": false
			}
		},
		{
			"path": "pages/groupChat/groupChat",
			"style": {
				"navigationBarTitleText": "",
				"enablePullDownRefresh": false
			}
		},
		{
			"path": "pages/map/map-detail",
			"style": {
				"navigationBarTitleText": "",
				"enablePullDownRefresh": false
			}
		},
		{
			"path": "pages/recommend-map/recommend-location/recommend-location",
			"style": {
				"navigationBarTitleText": "",
				"enablePullDownRefresh": false
			}
		},
		{
			"path": "pages/create-business/create-business",
			"style": {
				"navigationBarTitleText": "",
				"enablePullDownRefresh": false
			}
		},
		{
			"path": "pages/create-topic/create-topic",
			"style": {
				"navigationBarTitleText": "",
				"enablePullDownRefresh": false
			}
		},
		{
			"path": "pages/business-detail/business-detail",
			"style": {
				"navigationBarTitleText": "",
				"enablePullDownRefresh": false
			}
		},
		{
			"path": "pages/user-register/user-register",
			"style": {
				"navigationBarTitleText": "",
				"enablePullDownRefresh": false
			}
		}
	],
	"globalStyle": {
		"navigationBarTextStyle": "black",
		"navigationBarTitleText": "CityWalk",
		"navigationBarBackgroundColor": "Snow",
		"backgroundColor": "#Snow"
	},
	"tabBar": {
		"color": "#363636",
		"selectedColor": "#CD8500",
		"backgroundColor": "#FFFFFF",
		"borderStyle": "black",
		"list": [{
				"pagePath": "pages/index/index",
				"text": "首页",
				"iconPath": "static/tabbar/home.png",
				"selectedIconPath": "static/tabbar/home_clicked.png"
			},
			{
				"pagePath": "pages/explore/explore",
				"text": "发现",
				"iconPath": "static/tabbar/explore.png",
				"selectedIconPath": "static/tabbar/explore_clicked.png"
			},
			{
				"pagePath": "pages/map/map",
				"text": "地图",
				"iconPath": "static/tabbar/map.png",
				"selectedIconPath": "static/tabbar/map_clicked.png"
			},
			{
				"pagePath": "pages/friends/friends",
				"text": "朋友",
				"iconPath": "static/tabbar/friends.png",
				"selectedIconPath": "static/tabbar/friends_clicked.png"
			},
			{
				"pagePath": "pages/mine/mine",
				"text": "我的",
				"iconPath": "static/tabbar/mine.png",
				"selectedIconPath": "static/tabbar/mine_clicked.png"
			}
		]
	}

}